P_sys,P_dia,P_map,PP,cycle_period,HR,v_mean,v_peak,SV_ml,CO_lmin,dt_mean,t_total,n_steps
106.93793972487656,53.3032057724907,81.05027176680295,53.63473395238586,0.793000000000001,75.66204287515752,0.07986749193117128,0.51329722,59.422747159804395,4.496046443364765,0.001,10.317,10318
