ICA_R_mean,ICA_L_mean,MCA_R_mean,MCA_L_mean,MCA_asymmetry_pct,Acom_mean,Pcom_R_mean,Pcom_L_mean
0.27101715360552764,0.22299587854088052,0.11299728686557788,0.12556410064070353,5.267748442649697,0.027523960622222225,-0.16280149476190478,0.06514977391666668
