HR_bpm,cycle_period_s,P_sys_mmHg,P_dia_mmHg,P_map_mmHg,SV_ml,CO_lmin,rms_convergence_pct
76.14213197969544,0.788,107.15455813744167,53.42051574383826,81.20933960117088,29.199643245000075,2.223323089720818,0.17155080272984646
