loop,r_a1_mmhg,acom_mmhg,l_a1_mmhg,max_pressure_drop_mmhg,continuous,status
ACA-Acom-ACA,104.35268718620304,101.88022714604008,102.19639969397399,2.4724600401629573,True,PASS
