signal,status,period_s,cycles_detected,mean_rms_pct
A1_proximal,WARN,0.787,5,0.17283665480036325
A99_mid,WARN,0.788,5,0.14344286331751802
p9_distal,PASS,0.7930000000000001,5,0.021678439926176855
heart_aorta,WARN,0.787,5,0.17283665480036325
heart_lv_pressure,PASS,0.793,5,0.05499827105546013
