L_ICA,R_ICA,Basilar,ACoA,L_PCoA,R_PCoA,Q_brain_mlmin,brain_fraction
161.87112366666668,226.7630932708333,48.74332977857143,9.340412485714285,0.002938094999999997,-88.9644356053232,437.37754671607144,0.19811424877396888
