HR_bpm,cycle_period_s,P_sys_mmHg,P_dia_mmHg,P_map_mmHg,SV_ml,CO_lmin,rms_convergence_pct
76.14213197969544,0.788,106.93793972487656,53.3032057724907,81.05027176680295,28.9945077100002,2.207703632741132,0.2012221100025225
