HR_bpm,cycle_period_s,P_sys_mmHg,P_dia_mmHg,P_map_mmHg,SV_ml,CO_lmin,rms_convergence_pct
75.66204287515762,0.793,-760.0020964769128,-760.0020982863264,-760.0020976459031,,,131.1175559713377
