L_ICA,R_ICA,Basilar,ACoA,L_PCoA,R_PCoA,Q_brain_mlmin,brain_fraction
295.8118871428572,263.70644112,48.79325757631579,0.010195677317199999,-77.57738081406843,-23.812437324258553,608.3115858391731,0.27342555097192195
