HR_bpm,cycle_period_s,P_sys_mmHg,P_dia_mmHg,P_map_mmHg,SV_ml,CO_lmin,rms_convergence_pct
76.14213197969544,0.788,106.96044163753913,53.30890625703184,81.09461370254208,29.21877198000007,2.2247795923857923,0.14884252711146517
